{
    "name": "Invites",
    "description": [
        "Track invites.",
        "\n__**About:**__",
        "The bot will check which invite is used when someone joins the server using the following methods:",
        "- Check if invite no longer exists.",
        "- Check invite's uses. If used invite is found with this method, it will overwrite any results from the previous method.",
        "\n**Version:**\n`{0}`"
    ],
    "authors": ["Jerrie-Aries"],
    "version": "2.0.2",
    "bot_version": "4.0.0",
    "dpy_version": "2.0.0",
    "cogs_required": ["Extended Utils"]
}