{
    "name": "Support Utility",
    "description": [
        "Additional tools to enhance Support experience.\n",
        "**Features:**",
        "- Contact Modmail using button and dropdown. Customisable contact button, dropdown and message. Link the dropdown option to a specific category.",
        "- Feedback and rating. Users submit their feedback after their thread is closed.",
        "- Responded and inactive thread move automation.",
        "\n**Version:**\n`{0}`"
    ],
    "authors": ["Jerrie-Aries"],
    "version": "1.0.3",
    "bot_version": "4.0.0",
    "dpy_version": "2.0.0",
    "cogs_required": ["Extended Utils"]
}
