{
    "name": "Embed Manager",
    "description": [
        "Create, post, and store embeds.",
        "\nThis plugin is a modified version of `embedutils` cog made by [PhenoM4n4n](https://github.com/phenom4n4n). Original repository can be found [here](https://github.com/phenom4n4n/phen-cogs/tree/master/embedutils). Any credits must go to original developer of this cog.",
        "\n**Note:**\nThe JSON must be in the format expected by this [Discord documentation](https://discord.com/developers/docs/resources/channel#embed-object).",
        "\n**Version:**\n`{0}`"
    ],
    "authors": ["Jerrie-Aries"],
    "version": "1.4.7",
    "bot_version": "4.0.0",
    "dpy_version": "2.0.0",
    "cogs_required": ["Extended Utils"]
}